timestamp,action,details
2025-11-25 19:52:51,add,Added Test/1122
2025-11-25 19:53:30,edit,Edited Main/1122
2025-11-25 19:53:49,edit,Edited Main/1122
2025-11-25 19:54:21,add,Added Test/1234
2025-11-25 19:54:53,add,Added Main/2345
2025-11-25 19:55:35,add,Added Test/5432
2025-11-25 19:56:08,edit,Edited Test/1234
2025-11-25 19:56:42,edit,Edited Main/2345
2025-11-25 19:57:29,edit,Edited Main/2345
2025-11-25 19:58:58,add,Added Test/3445
2025-11-25 20:00:09,add,Added Main/9876
2025-11-25 20:00:39,edit,Edited Main/9876
